{
    "utilisateurs": [
        {
            "id": 1,
            "nom": "admin",
            "login": "ousmane@sonatel.sn",
            "password": "PASSER1234",
            "profil": "Admin"
        },
        {
            "id": 2,
            "nom": "vigile",
            "login": "vigile@sonatel.sn",
            "password": "vigile123",
            "profil": "Vigile"
        },
        {
            "id": 3,
            "nom": "apprenant",
            "login": "apprenant@sonatel.sn",
            "password": "apprenant123",
            "profil": "Apprenant"
        }
    ],
    "referenciel": [
        {
            "id": 1745335727,
            "nom": "AWS",
            "description": "dqfegsf",
            "capacite": 30,
            "nb_sessions": 1,
            "photo": "assets\/images\/referenciel\/OM.jpeg",
            "statut": "inactif",
            "apprenants": 160,
            "modules": 0
        },
        {
            "id": 1745338265,
            "nom": "DEV DATA",
            "description": "ert",
            "capacite": 30,
            "nb_sessions": 1,
            "photo": "assets\/images\/referenciel\/Sans titre.jpeg",
            "statut": "inactif",
            "apprenants": 0,
            "modules": 0
        },
        {
            "id": 1745339292,
            "nom": "REF DIG",
            "description": "HFF",
            "capacite": 30,
            "nb_sessions": 1,
            "photo": "assets\/images\/referenciel\/Css.jpeg",
            "statut": "inactif",
            "apprenants": 160,
            "modules": 0
        },
        {
            "id": 1745340216,
            "nom": "HACKEUSE",
            "description": "SQFDS",
            "capacite": 30,
            "nb_sessions": 1,
            "photo": "assets\/images\/referenciel\/frequency-wave-7776034_1920.jpg",
            "statut": "inactif",
            "apprenants": 160,
            "modules": 0
        },
        {
            "id": 1745342099,
            "nom": "DEV DATA",
            "description": "VFBGNH",
            "capacite": 30,
            "nb_sessions": 1,
            "photo": "assets\/images\/referenciel\/web app.jpeg",
            "statut": "inactif",
            "apprenants": 160,
            "modules": 0
        },
        {
            "id": 1745529121,
            "nom": "DEV WEB",
            "description": "BNV",
            "capacite": 30,
            "nb_sessions": 1,
            "photo": "assets\/images\/referenciel\/iPhone-13-PRO-.png",
            "statut": "inactif",
            "apprenants": 160,
            "modules": 0
        },
        {
            "id": 1745554827,
            "nom": "HACK",
            "description": "KLJKH",
            "capacite": 30,
            "nb_sessions": 1,
            "photo": "assets\/images\/referenciel\/gQLXfAqQtDNrnQO1u6g0s.jpg",
            "statut": "inactif",
            "apprenants": 160,
            "modules": 0
        },
        {
            "id": 1745555432,
            "nom": "DEV",
            "description": "DFG",
            "capacite": 30,
            "nb_sessions": 1,
            "photo": "assets\/images\/referenciel\/7845baca-8338-4c60-a843-282990ef335e.jpeg",
            "statut": "inactif",
            "apprenants": 160,
            "modules": 0
        },
        {
            "id": 1745555457,
            "nom": "DATA",
            "description": "BGHKJL",
            "capacite": 30,
            "nb_sessions": 1,
            "photo": "assets\/images\/referenciel\/web app.jpeg",
            "statut": "inactif",
            "apprenants": 160,
            "modules": 0
        },
        {
            "id": 1745555477,
            "nom": "CLOUD",
            "description": "DGFKJL",
            "capacite": 30,
            "nb_sessions": 1,
            "photo": "assets\/images\/referenciel\/frequency-wave-7776034_1920.jpg",
            "statut": "inactif",
            "apprenants": 160,
            "modules": 0
        },
        {
            "id": 1745555504,
            "nom": "DIG",
            "description": "DSFDGYHUTJIK",
            "capacite": 30,
            "nb_sessions": 1,
            "photo": "assets\/images\/referenciel\/c4PUDycwaAtRCXaBaL5nN5JnZatW8WLjYjO8BSaw.jpg",
            "statut": "inactif",
            "apprenants": 160,
            "modules": 0
        }
    ],
    "promotions": [
        {
            "id": 1,
            "nom": "PROMO DEV 2023",
            "dateDebut": "2023-01-15",
            "dateFin": "2023-07-15",
            "referenciel_id": 1,
            "photo": "assets\/images\/promo\/promo_dev_2023.jpeg",
            "statut": "Inactive",
            "nbrApprenant": 0,
            "referentiel": []
        },
        {
            "id": 2,
            "nom": "effff",
            "dateDebut": "2023\/04\/12",
            "dateFin": "2024\/04\/18",
            "photo": "assets\/images\/promo\/Sans titre.jpeg",
            "statut": "Inactive",
            "nbrApprenant": 0,
            "referentiel": [
                {
                    "id": 1745335727,
                    "nom": "AWS",
                    "description": "dqfegsf",
                    "capacite": 30,
                    "nb_sessions": 1,
                    "photo": "assets\/images\/referenciel\/OM.jpeg",
                    "statut": "inactif",
                    "apprenants": 0,
                    "modules": 0
                }
            ]
        },
        {
            "id": 8,
            "nom": "PROMOTION 2025",
            "dateDebut": "11\/08\/2023",
            "dateFin": "11\/08\/2024",
            "referenciel_id": null,
            "photo": "assets\/images\/promo\/6809098f41407_Sans titre.jpeg",
            "statut": "Inactive",
            "nbrApprenant": 0,
            "referentiel": []
        },
        {
            "id": 9,
            "nom": "PROMOTION 2025",
            "dateDebut": "11\/08\/2023",
            "dateFin": "11\/08\/2024",
            "photo": "assets\/images\/promo\/680910c0029fc_ludo2.jpeg",
            "statut": "Inactive",
            "nbrApprenant": 30,
            "referentiel": [
                {
                    "id": 1745555504,
                    "nom": "DIG",
                    "description": "DSFDGYHUTJIK",
                    "capacite": 30,
                    "nb_sessions": 1,
                    "photo": "assets\/images\/referenciel\/c4PUDycwaAtRCXaBaL5nN5JnZatW8WLjYjO8BSaw.jpg",
                    "statut": "inactif",
                    "apprenants": 10,
                    "modules": 0,
                    "apprenant": [
                        {
                            "photo": "assets\/images\/apprenant\/OM.jpeg",
                            "matricule": "DIG2025001",
                            "nom_complet": "John Doe",
                            "adresse": "Dakar Plateau",
                            "telephone": "771234567",
                            "statut": "actif"
                        },
                        {
                            "photo": "assets\/images\/apprenant\/OM1.jpeg",
                            "matricule": "DIG2025002",
                            "nom_complet": "Jane Smith",
                            "adresse": "Médina",
                            "telephone": "781234567",
                            "statut": "actif"
                        },
                        {
                            "id": "6816c73c93b31",
                            "matricule": "AP2025055852",
                            "nom_complet": "Jean Mbaye",
                            "adresse": "Thiès",
                            "telephone": "781122334",
                            "email": "jean.mbaye@example.com",
                            "photo": "\/assets\/images\/default-avatar.png",
                            "statut": "actif",
                            "tuteur": {
                                "nom_complet": "Awa Mbaye",
                                "lien_de_parente": "Mère",
                                "adresse": "Thiès",
                                "telephone": "770112233"
                            }
                        },
                        {
                            "id": "6816c73c93b3b",
                            "matricule": "AP2025057182",
                            "nom_complet": "Fatou Sow",
                            "adresse": "Saint-Louis",
                            "telephone": "779998877",
                            "email": "fatou.sow@example.com",
                            "photo": "\/assets\/images\/default-avatar.png",
                            "statut": "actif",
                            "tuteur": {
                                "nom_complet": "Ibrahima Sow",
                                "lien_de_parente": "Oncle",
                                "adresse": "Saint-Louis",
                                "telephone": "778889900"
                            }
                        }
                    ]
                }
            ]
        },
        {
            "id": 10,
            "nom": "PROMOTION 2024",
            "dateDebut": "11\/08\/2023",
            "dateFin": "11\/08\/2024",
            "referenciel_id": null,
            "photo": "assets\/images\/promo\/68091531af49f_Sans titre.jpeg",
            "statut": "Inactive",
            "nbrApprenant": 0,
            "referentiel": []
        },
        {
            "id": 11,
            "nom": "PROMOTION 2023",
            "dateDebut": "11\/08\/2023",
            "dateFin": "11\/08\/2024",
            "referenciel_id": null,
            "photo": "assets\/images\/promo\/6809155277dba_frequency-wave-7776034_1920.jpg",
            "statut": "Inactive",
            "nbrApprenant": 0,
            "referentiel": []
        },
        {
            "id": 12,
            "nom": "zedrftg",
            "dateDebut": "11\/08\/2023",
            "dateFin": "11\/08\/2024",
            "referenciel_id": null,
            "photo": "assets\/images\/promo\/680a5bdd33c23_ludo2.jpeg",
            "statut": "Inactive",
            "nbrApprenant": 0,
            "referentiel": []
        },
        {
            "id": 13,
            "nom": "Promotion 2000",
            "dateDebut": "11\/02\/2021",
            "dateFin": "11\/02\/2022",
            "referenciel_id": null,
            "photo": "assets\/images\/promo\/680a6559a646d_OM.jpeg",
            "statut": "Inactive",
            "nbrApprenant": 0,
            "referentiel": []
        },
        {
            "id": 14,
            "nom": "Promotion 2000",
            "dateDebut": "11-02-2020",
            "dateFin": "11\/02\/2022",
            "referenciel_id": null,
            "photo": "assets\/images\/promo\/680a68bc05798_gQLXfAqQtDNrnQO1u6g0s.jpg",
            "statut": "Inactive",
            "nbrApprenant": 0,
            "referentiel": []
        },
        {
            "id": 15,
            "nom": "Promotion 2005",
            "dateDebut": "11\/02\/2021",
            "dateFin": "11\/02\/2022",
            "referenciel_id": null,
            "photo": "assets\/images\/promo\/680b670a372eb_ludo2.jpeg",
            "statut": "Inactive",
            "nbrApprenant": 0,
            "referentiel": []
        },
        {
            "id": 18,
            "nom": "Promotion 1700",
            "dateDebut": "2003-02-12",
            "dateFin": "2004-02-12",
            "photo": "assets\/images\/promo\/680b74b5e6a3f_Css.jpeg",
            "statut": "Inactive",
            "nbrApprenant": 0,
            "referentiel": []
        },
        {
            "id": 19,
            "nom": "Promotion 2030",
            "dateDebut": "2003-02-12",
            "dateFin": "2004-02-12",
            "photo": "assets\/images\/promo\/680bebe4e518e_c4PUDycwaAtRCXaBaL5nN5JnZatW8WLjYjO8BSaw.jpg",
            "statut": "Inactive",
            "nbrApprenant": 0,
            "referentiel": []
        },
        {
            "id": 20,
            "nom": "Promotion 2090",
            "dateDebut": "2003-02-12",
            "dateFin": "2004-02-12",
            "photo": "assets\/images\/promo\/680cf6a449fc9_71-+La7ab+L.png",
            "statut": "Inactive",
            "nbrApprenant": 0,
            "referentiel": []
        },
        {
            "id": 21,
            "nom": "qsdf",
            "dateDebut": "2025-02-05",
            "dateFin": "2025-12-05",
            "photo": "assets\/images\/promo\/680f6f683bd61_iPhone-13-PRO-.png",
            "statut": "Inactive",
            "nbrApprenant": 160,
            "referentiel": [
                {
                    "id": 1745555477,
                    "nom": "CLOUD",
                    "description": "DGFKJL",
                    "capacite": 30,
                    "nb_sessions": 1,
                    "photo": "assets\/images\/referenciel\/frequency-wave-7776034_1920.jpg",
                    "statut": "inactif",
                    "apprenants": 0,
                    "modules": 0
                },
                {
                    "id": 1745555504,
                    "nom": "DIG",
                    "description": "DSFDGYHUTJIK",
                    "capacite": 30,
                    "nb_sessions": 1,
                    "photo": "assets\/images\/referenciel\/c4PUDycwaAtRCXaBaL5nN5JnZatW8WLjYjO8BSaw.jpg",
                    "statut": "inactif",
                    "apprenants": 0,
                    "modules": 0,
                    "apprenant": [
                        {
                            "id": "6816c7765bace",
                            "matricule": "AP2025058865",
                            "nom_complet": "Jean Mbaye",
                            "adresse": "Thiès",
                            "telephone": "781122334",
                            "email": "jean.mbaye@example.com",
                            "photo": "\/assets\/images\/default-avatar.png",
                            "statut": "actif",
                            "tuteur": {
                                "nom_complet": "Awa Mbaye",
                                "lien_de_parente": "Mère",
                                "adresse": "Thiès",
                                "telephone": "770112233"
                            }
                        },
                        {
                            "id": "6816c7765bad5",
                            "matricule": "AP2025056649",
                            "nom_complet": "Fatou Sow",
                            "adresse": "Saint-Louis",
                            "telephone": "779998877",
                            "email": "fatou.sow@example.com",
                            "photo": "\/assets\/images\/default-avatar.png",
                            "statut": "actif",
                            "tuteur": {
                                "nom_complet": "Ibrahima Sow",
                                "lien_de_parente": "Oncle",
                                "adresse": "Saint-Louis",
                                "telephone": "778889900"
                            }
                        }
                    ]
                },
                {
                    "id": 1745335727,
                    "nom": "AWS",
                    "description": "dqfegsf",
                    "capacite": 30,
                    "nb_sessions": 1,
                    "photo": "assets\/images\/referenciel\/OM.jpeg",
                    "statut": "inactif",
                    "apprenants": 160,
                    "modules": 0
                }
            ]
        },
        {
            "id": 22,
            "nom": "swfdgs",
            "dateDebut": "2025-02-05",
            "dateFin": "2025-12-05",
            "photo": "assets\/images\/promo\/680fccba2753d_gQLXfAqQtDNrnQO1u6g0s.jpg",
            "statut": "Active",
            "nbrApprenant": 0,
            "referentiel": [
                {
                    "id": 1745335727,
                    "nom": "AWS",
                    "description": "dqfegsf",
                    "capacite": 30,
                    "nb_sessions": 1,
                    "photo": "assets\/images\/referenciel\/OM.jpeg",
                    "statut": "inactif",
                    "apprenants": 0,
                    "modules": 0
                },
                {
                    "id": 1745338265,
                    "nom": "DEV DATA",
                    "description": "ert",
                    "capacite": 30,
                    "nb_sessions": 1,
                    "photo": "assets\/images\/referenciel\/Sans titre.jpeg",
                    "statut": "inactif",
                    "apprenants": 160,
                    "modules": 0
                }
            ]
        }
    ],
    "liste_attente": [
        {
            "id": "6816c73c93b14",
            "matricule": "AP2025057955",
            "nom_complet": "Aminata Diop",
            "adresse": "Dakar",
            "telephone": "780001122",
            "email": "aminata@example.com",
            "photo": "\/assets\/images\/default-avatar.png",
            "statut": "actif",
            "tuteur": {
                "nom_complet": "Mamadou Diop",
                "lien_de_parente": "Père",
                "adresse": "Dakar",
                "telephone": "771234567"
            },
            "raison_attente": "Référentiel non trouvé dans la promotion active"
        },
        {
            "id": "6816c7765baae",
            "matricule": "AP2025052450",
            "nom_complet": "Aminata Diop",
            "adresse": "Dakar",
            "telephone": "780001122",
            "email": "aminata@example.com",
            "photo": "\/assets\/images\/default-avatar.png",
            "statut": "actif",
            "tuteur": {
                "nom_complet": "Mamadou Diop",
                "lien_de_parente": "Père",
                "adresse": "Dakar",
                "telephone": "771234567"
            },
            "raison_attente": "Référentiel non trouvé dans la promotion active"
        },
        {
            "id": "6816c807c9d56",
            "matricule": "AP2025052122",
            "nom_complet": "Aminata Diop",
            "adresse": "Dakar",
            "telephone": "780001122",
            "email": "aminata@example.com",
            "photo": "\/assets\/images\/default-avatar.png",
            "statut": "actif",
            "tuteur": {
                "nom_complet": "Mamadou Diop",
                "lien_de_parente": "Père",
                "adresse": "Dakar",
                "telephone": "771234567"
            },
            "raison_attente": "Référentiel non trouvé dans la promotion active"
        },
        {
            "id": "6816c807c9d6f",
            "matricule": "AP2025058668",
            "nom_complet": "Jean Mbaye",
            "adresse": "Thiès",
            "telephone": "781122334",
            "email": "jean.mbaye@example.com",
            "photo": "\/assets\/images\/default-avatar.png",
            "statut": "actif",
            "tuteur": {
                "nom_complet": "Awa Mbaye",
                "lien_de_parente": "Mère",
                "adresse": "Thiès",
                "telephone": "770112233"
            },
            "raison_attente": "Référentiel non trouvé dans la promotion active"
        },
        {
            "id": "6816c807c9d72",
            "matricule": "AP2025056681",
            "nom_complet": "Fatou Sow",
            "adresse": "Saint-Louis",
            "telephone": "779998877",
            "email": "fatou.sow@example.com",
            "photo": "\/assets\/images\/default-avatar.png",
            "statut": "actif",
            "tuteur": {
                "nom_complet": "Ibrahima Sow",
                "lien_de_parente": "Oncle",
                "adresse": "Saint-Louis",
                "telephone": "778889900"
            },
            "raison_attente": "Référentiel non trouvé dans la promotion active"
        }
    ]
}